{
    "polygon_0": [
        [
            50.9860988,
            -118.5644534
        ],
        [
            50.2893391,
            -118.3886722
        ],
        [
            50.0359735,
            -115.905762
        ],
        [
            50.8198181,
            -114.8510745
        ],
        [
            52.1874046,
            -116.5869144
        ],
        [
            52.0660002,
            -120.3002933
        ],
        [
            51.4813828,
            -118.9160159
        ],
        [
            50.9445843,
            -120.3662112
        ],
        [
            50.9860988,
            -118.5644534
        ]
    ],
    "polygon_1": [
        [
            52.151568,
            -112.6318362
        ],
        [
            50.7967802,
            -112.3461917
        ],
        [
            51.1151207,
            -107.1826175
        ],
        [
            48.0977583,
            -109.9951175
        ],
        [
            49.3300021,
            -105.8642581
        ],
        [
            52.9266656,
            -106.12793
        ],
        [
            51.5817227,
            -109.2700198
        ],
        [
            52.151568,
            -112.6318362
        ]
    ]
}